DGM_NM,gid
쓰레기및오물처리장,다사588581
기타폐기물시설,다사460527
기타폐기물시설,다사454532
기타폐기물시설,다사453533
기타폐기물시설,다사452531
기타폐기물시설,다사460516
기타폐기물시설,다사457528
기타폐기물시설,다사461519
기타폐기물시설,다사455523
기타폐기물시설,다사464516
기타폐기물시설,다사449534
기타폐기물시설,다사466518
기타폐기물시설,다사452522
기타폐기물시설,다사448529
기타폐기물시설,다사454525
기타폐기물시설,다사456528
기타폐기물시설,다사457520
기타폐기물시설,다사447532
기타폐기물시설,다사469518
기타폐기물시설,다사450525
기타폐기물시설,다사461518
기타폐기물시설,다사454530
기타폐기물시설,다사448533
기타폐기물시설,다사459520
기타폐기물시설,다사440533
기타폐기물시설,다사454522
기타폐기물시설,다사466514
기타폐기물시설,다사441530
기타폐기물시설,다사461517
기타폐기물시설,다사449526
기타폐기물시설,다사459519
기타폐기물시설,다사450531
기타폐기물시설,다사456529
기타폐기물시설,다사460523
기타폐기물시설,다사460521
기타폐기물시설,다사451532
기타폐기물시설,다사454521
기타폐기물시설,다사461514
기타폐기물시설,다사454526
기타폐기물시설,다사459528
기타폐기물시설,다사467520
기타폐기물시설,다사459517
기타폐기물시설,다사454519
기타폐기물시설,다사460524
기타폐기물시설,다사464521
기타폐기물시설,다사456519
기타폐기물시설,다사463517
기타폐기물시설,다사454527
기타폐기물시설,다사458524
기타폐기물시설,다사455520
기타폐기물시설,다사445533
기타폐기물시설,다사453530
기타폐기물시설,다사456523
기타폐기물시설,다사463515
기타폐기물시설,다사451523
기타폐기물시설,다사467517
기타폐기물시설,다사438531
기타폐기물시설,다사448523
기타폐기물시설,다사444526
기타폐기물시설,다사468515
기타폐기물시설,다사447526
기타폐기물시설,다사453523
기타폐기물시설,다사459515
기타폐기물시설,다사467519
기타폐기물시설,다사461521
기타폐기물시설,다사464515
기타폐기물시설,다사456517
기타폐기물시설,다사461522
기타폐기물시설,다사459521
기타폐기물시설,다사447530
기타폐기물시설,다사444533
기타폐기물시설,다사447528
기타폐기물시설,다사443529
기타폐기물시설,다사463521
기타폐기물시설,다사454520
기타폐기물시설,다사456525
기타폐기물시설,다사442529
기타폐기물시설,다사443533
기타폐기물시설,다사451533
기타폐기물시설,다사448524
기타폐기물시설,다사446526
기타폐기물시설,다사444527
기타폐기물시설,다사458519
기타폐기물시설,다사462513
기타폐기물시설,다사462519
기타폐기물시설,다사444532
기타폐기물시설,다사446528
기타폐기물시설,다사464514
기타폐기물시설,다사452525
기타폐기물시설,다사451522
기타폐기물시설,다사469519
기타폐기물시설,다사437532
기타폐기물시설,다사457527
기타폐기물시설,다사465521
기타폐기물시설,다사456524
기타폐기물시설,다사448528
기타폐기물시설,다사457523
기타폐기물시설,다사448525
기타폐기물시설,다사443528
기타폐기물시설,다사462517
기타폐기물시설,다사458517
기타폐기물시설,다사446531
기타폐기물시설,다사458528
기타폐기물시설,다사441532
기타폐기물시설,다사459516
기타폐기물시설,다사449529
기타폐기물시설,다사456530
기타폐기물시설,다사444529
기타폐기물시설,다사454523
기타폐기물시설,다사449533
기타폐기물시설,다사469516
기타폐기물시설,다사455527
기타폐기물시설,다사439532
기타폐기물시설,다사452532
기타폐기물시설,다사462522
기타폐기물시설,다사445527
기타폐기물시설,다사442533
기타폐기물시설,다사450533
기타폐기물시설,다사450535
기타폐기물시설,다사460514
기타폐기물시설,다사445530
기타폐기물시설,다사454529
기타폐기물시설,다사465515
기타폐기물시설,다사459518
기타폐기물시설,다사457525
기타폐기물시설,다사467515
기타폐기물시설,다사459522
기타폐기물시설,다사442530
기타폐기물시설,다사456522
기타폐기물시설,다사458529
기타폐기물시설,다사451531
기타폐기물시설,다사456518
기타폐기물시설,다사450528
기타폐기물시설,다사458521
기타폐기물시설,다사441529
기타폐기물시설,다사463514
기타폐기물시설,다사464522
기타폐기물시설,다사468518
기타폐기물시설,다사438532
기타폐기물시설,다사452534
기타폐기물시설,다사441533
기타폐기물시설,다사460518
기타폐기물시설,다사447531
기타폐기물시설,다사452528
기타폐기물시설,다사447533
기타폐기물시설,다사459527
기타폐기물시설,다사448530
기타폐기물시설,다사455526
기타폐기물시설,다사453527
기타폐기물시설,다사467518
기타폐기물시설,다사447527
기타폐기물시설,다사458523
기타폐기물시설,다사453525
기타폐기물시설,다사464518
기타폐기물시설,다사458525
기타폐기물시설,다사440532
기타폐기물시설,다사452523
기타폐기물시설,다사450530
기타폐기물시설,다사458520
기타폐기물시설,다사451534
기타폐기물시설,다사452520
기타폐기물시설,다사451526
기타폐기물시설,다사457526
기타폐기물시설,다사463522
기타폐기물시설,다사451527
기타폐기물시설,다사448527
기타폐기물시설,다사451528
기타폐기물시설,다사443527
기타폐기물시설,다사452529
기타폐기물시설,다사455528
기타폐기물시설,다사452527
기타폐기물시설,다사449528
기타폐기물시설,다사465517
기타폐기물시설,다사469520
기타폐기물시설,다사462516
기타폐기물시설,다사455524
기타폐기물시설,다사446525
기타폐기물시설,다사460520
기타폐기물시설,다사443532
기타폐기물시설,다사453524
기타폐기물시설,다사461516
기타폐기물시설,다사439531
기타폐기물시설,다사460522
기타폐기물시설,다사455522
기타폐기물시설,다사463523
기타폐기물시설,다사466519
기타폐기물시설,다사445526
기타폐기물시설,다사455529
기타폐기물시설,다사444531
기타폐기물시설,다사455518
기타폐기물시설,다사445528
기타폐기물시설,다사454531
기타폐기물시설,다사452530
기타폐기물시설,다사462524
기타폐기물시설,다사450527
기타폐기물시설,다사451530
기타폐기물시설,다사447524
기타폐기물시설,다사460526
기타폐기물시설,다사451529
기타폐기물시설,다사448531
기타폐기물시설,다사457518
기타폐기물시설,다사453532
기타폐기물시설,다사462518
기타폐기물시설,다사461515
기타폐기물시설,다사453531
기타폐기물시설,다사449532
기타폐기물시설,다사458527
기타폐기물시설,다사457524
기타폐기물시설,다사452521
기타폐기물시설,다사468516
기타폐기물시설,다사456527
기타폐기물시설,다사452526
기타폐기물시설,다사450523
기타폐기물시설,다사440530
기타폐기물시설,다사452533
기타폐기물시설,다사463513
기타폐기물시설,다사468519
기타폐기물시설,다사453528
기타폐기물시설,다사463518
기타폐기물시설,다사451521
기타폐기물시설,다사467516
기타폐기물시설,다사453521
기타폐기물시설,다사468520
기타폐기물시설,다사458516
기타폐기물시설,다사450524
기타폐기물시설,다사463516
기타폐기물시설,다사462523
기타폐기물시설,다사446533
기타폐기물시설,다사461525
기타폐기물시설,다사445532
기타폐기물시설,다사444528
기타폐기물시설,다사453522
기타폐기물시설,다사462521
기타폐기물시설,다사469517
기타폐기물시설,다사453526
기타폐기물시설,다사455525
기타폐기물시설,다사446530
기타폐기물시설,다사449524
기타폐기물시설,다사463519
기타폐기물시설,다사448532
기타폐기물시설,다사458518
기타폐기물시설,다사457521
기타폐기물시설,다사446529
기타폐기물시설,다사466517
기타폐기물시설,다사449527
기타폐기물시설,다사465519
기타폐기물시설,다사458526
기타폐기물시설,다사439533
기타폐기물시설,다사447529
기타폐기물시설,다사450534
기타폐기물시설,다사451525
기타폐기물시설,다사442528
기타폐기물시설,다사455521
기타폐기물시설,다사461520
기타폐기물시설,다사439530
기타폐기물시설,다사454524
기타폐기물시설,다사442531
기타폐기물시설,다사457519
기타폐기물시설,다사462514
기타폐기물시설,다사464517
기타폐기물시설,다사443530
기타폐기물시설,다사456521
기타폐기물시설,다사459526
기타폐기물시설,다사446532
기타폐기물시설,다사465516
기타폐기물시설,다사450529
기타폐기물시설,다사445531
기타폐기물시설,다사449525
기타폐기물시설,다사463520
기타폐기물시설,다사462520
기타폐기물시설,다사440531
기타폐기물시설,다사442532
기타폐기물시설,다사459524
기타폐기물시설,다사441531
기타폐기물시설,다사451524
기타폐기물시설,다사455519
기타폐기물시설,다사460519
기타폐기물시설,다사458522
기타폐기물시설,다사466516
기타폐기물시설,다사449523
기타폐기물시설,다사464519
기타폐기물시설,다사450532
기타폐기물시설,다사455531
기타폐기물시설,다사459525
기타폐기물시설,다사448526
기타폐기물시설,다사468517
기타폐기물시설,다사464520
기타폐기물시설,다사460515
기타폐기물시설,다사460517
기타폐기물시설,다사459523
기타폐기물시설,다사460525
기타폐기물시설,다사461524
기타폐기물시설,다사456520
기타폐기물시설,다사453520
기타폐기물시설,다사449530
기타폐기물시설,다사444530
기타폐기물시설,다사457529
기타폐기물시설,다사455530
기타폐기물시설,다사452524
기타폐기물시설,다사461523
기타폐기물시설,다사465520
기타폐기물시설,다사446527
기타폐기물시설,다사449531
기타폐기물시설,다사447525
기타폐기물시설,다사466515
기타폐기물시설,다사445529
기타폐기물시설,다사466520
기타폐기물시설,다사457522
기타폐기물시설,다사443531
기타폐기물시설,다사454528
기타폐기물시설,다사465514
기타폐기물시설,다사462515
기타폐기물시설,다사450526
기타폐기물시설,다사457517
기타폐기물시설,다사440529
기타폐기물시설,다사453529
기타폐기물시설,다사465518
기타폐기물시설,다사456526
기타폐기물시설,다사450522
기타폐기물시설,다사474519
기타폐기물시설,다사496440
기타폐기물시설,다사496440
기타폐기물시설,다사626627
기타폐기물시설,다사626628
기타폐기물시설,다사608602
기타폐기물시설,다사611602
기타폐기물시설,다사612602
기타폐기물시설,다사609603
기타폐기물시설,다사611601
기타폐기물시설,다사611600
기타폐기물시설,다사611603
기타폐기물시설,다사610601
기타폐기물시설,다사610600
기타폐기물시설,다사609602
기타폐기물시설,다사610603
기타폐기물시설,다사608602
기타폐기물시설,다사610602
기타폐기물시설,다사609601
기타폐기물시설,다사611599
기타폐기물시설,다사435487
기타폐기물시설,다사435488
기타폐기물시설,다사635399
기타폐기물시설,다사634400
기타폐기물시설,다사634399
기타폐기물시설,다사403537
기타폐기물시설,다사404536
기타폐기물시설,다사405536
기타폐기물시설,다사405537
기타폐기물시설,다사404537
쓰레기적환장,다사540573
폐기물처리시설,다사590581
폐기물처리시설,다사591581
폐기물 처리시설,다사653495
폐기물 처리시설,다사653496
폐기물 처리시설,다사652496
기타폐기물시설,다사530569
기타폐기물시설,다사529569
기타폐기물시설,다사387521
쓰레기적환장,다사534571
쓰레기적환장,다사533568
쓰레기적환장,다사534568
폐기물처리시설,다사482529
폐기물처리시설,다사482530
기타폐기물시설,다사395542
기타폐기물시설,다사394542
기타폐기물시설,다사395541
기타폐기물시설,다사393542
기타폐기물시설,다사392543
기타폐기물시설,다사394543
기타폐기물시설,다사393543
기타폐기물시설,다사392542
기타폐기물시설,다사394541
기타폐기물시설,다사496447
기타폐기물시설,다사679498
기타폐기물시설,다사679499
기타폐기물시설,다사698523
기타폐기물시설,다사701525
기타폐기물시설,다사699524
기타폐기물시설,다사702525
기타폐기물시설,다사702520
기타폐기물시설,다사699523
기타폐기물시설,다사700521
기타폐기물시설,다사699522
기타폐기물시설,다사703521
기타폐기물시설,다사700523
기타폐기물시설,다사700522
기타폐기물시설,다사701523
기타폐기물시설,다사702523
기타폐기물시설,다사703520
기타폐기물시설,다사701524
기타폐기물시설,다사700524
기타폐기물시설,다사702521
기타폐기물시설,다사701522
기타폐기물시설,다사701521
기타폐기물시설,다사702524
기타폐기물시설,다사702522
재활용시설,다사476611
재활용시설,다사478610
재활용시설,다사476610
재활용시설,다사477611
재활용시설,다사477610
재활용시설,다사477609
기타폐기물시설,다사667413
기타폐기물시설,다사669416
기타폐기물시설,다사666415
기타폐기물시설,다사668415
기타폐기물시설,다사667414
기타폐기물시설,다사668413
기타폐기물시설,다사668414
기타폐기물시설,다사668416
기타폐기물시설,다사667415
기타폐기물시설,다사666414
수질오염방지시설,다사611505
수질오염방지시설,다사610504
수질오염방지시설,다사610503
수질오염방지시설,다사611504
수질오염방지시설,다사609503
수질오염방지시설,다사608504
수질오염방지시설,다사609504
수질오염방지시설,다사609505
수질오염방지시설,다사610505
기타폐기물시설,다사661413
기타폐기물시설,다사660413
기타폐기물시설,다사662412
기타폐기물시설,다사660412
기타폐기물시설,다사661412
기타폐기물시설,다사662413
폐기물처리시설,다사610510
폐기물처리시설,다사607511
폐기물처리시설,다사610511
폐기물처리시설,다사609511
폐기물처리시설,다사608511
폐기물처리시설,다사609510
기타폐기물시설,다사598659
기타폐기물시설,다사597657
기타폐기물시설,다사598657
기타폐기물시설,다사597658
기타폐기물시설,다사597659
기타폐기물시설,다사598658
기타폐기물시설,다사620567
기타폐기물시설,다사620568
기타폐기물시설,다사551419
기타폐기물시설,다사484597
기타폐기물시설,다사483597
기타폐기물시설,다사484598
기타폐기물시설,다사630497
하수종말처리시설,다사638438
하수종말처리시설,다사642438
하수종말처리시설,다사639440
하수종말처리시설,다사639438
하수종말처리시설,다사640439
하수종말처리시설,다사641440
하수종말처리시설,다사637439
하수종말처리시설,다사638440
하수종말처리시설,다사638439
하수종말처리시설,다사642439
하수종말처리시설,다사642437
하수종말처리시설,다사639439
하수종말처리시설,다사640437
하수종말처리시설,다사641438
하수종말처리시설,다사641437
하수종말처리시설,다사641439
하수종말처리시설,다사640440
하수종말처리시설,다사640438
폐기물처리시설,다사608506
폐기물처리시설,다사607506
기타폐기물시설,다사599658
기타폐기물시설,다사599659
기타폐기물시설,다사657566
기타폐기물시설,다사656566
기타폐기물시설,다사657565
폐기물처리시설 기타,다사404429
폐기물처리시설 기타,다사403427
폐기물처리시설 기타,다사402428
폐기물처리시설 기타,다사402427
폐기물처리시설 기타,다사404428
폐기물처리시설 기타,다사403428
쓰레기적환장,다사573584
폐기물처리시설,다사698523
폐기물처리시설,다사701525
폐기물처리시설,다사699524
폐기물처리시설,다사702525
폐기물처리시설,다사699523
폐기물처리시설,다사699522
폐기물처리시설,다사700523
폐기물처리시설,다사700522
폐기물처리시설,다사701523
폐기물처리시설,다사701524
폐기물처리시설,다사700524
폐기물처리시설,다사701522
폐기물처리시설,다사702524
광역폐기물처리시설,다사597582
광역폐기물처리시설,다사597581
광역폐기물처리시설,다사596582
기타폐기물시설,다사594400
기타폐기물시설,다사593402
기타폐기물시설,다사593401
기타폐기물시설,다사593400
기타폐기물시설,다사592400
기타폐기물시설,다사594401
기타폐기물시설,다사457547
기타폐기물시설,다사456547
기타폐기물시설,다사457548
기타폐기물시설,다사456548
기타폐기물시설,다사530514
기타폐기물시설,다사531514
기타폐기물시설,다사530514
기타폐기물시설,다사472505
기타폐기물시설,다사667413
기타폐기물시설,다사669416
기타폐기물시설,다사666415
기타폐기물시설,다사668415
기타폐기물시설,다사667414
기타폐기물시설,다사668413
기타폐기물시설,다사668414
기타폐기물시설,다사668416
기타폐기물시설,다사667415
기타폐기물시설,다사666414
기타폐기물시설,다사594527
기타폐기물시설,다사593527
기타폐기물시설,다사592527
기타폐기물시설,다사594527
기타폐기물시설,다사593527
기타폐기물시설,다사592527
기타폐기물시설,다사559444
